[{"model": "admin.logentry", "pk": 1, "fields": {"action_time": "2022-01-08T09:41:39.190Z", "user": 4, "content_type": 3, "object_id": "1", "object_repr": "common", "action_flag": 1, "change_message": "[{\"added\": {}}]"}}, {"model": "admin.logentry", "pk": 2, "fields": {"action_time": "2022-01-08T09:43:16.384Z", "user": 4, "content_type": 3, "object_id": "2", "object_repr": "authors", "action_flag": 1, "change_message": "[{\"added\": {}}]"}}, {"model": "admin.logentry", "pk": 3, "fields": {"action_time": "2022-01-08T09:43:46.702Z", "user": 4, "content_type": 4, "object_id": "1", "object_repr": "texno_log_90", "action_flag": 3, "change_message": ""}}, {"model": "auth.permission", "pk": 1, "fields": {"name": "Can add log entry", "content_type": 1, "codename": "add_logentry"}}, {"model": "auth.permission", "pk": 2, "fields": {"name": "Can change log entry", "content_type": 1, "codename": "change_logentry"}}, {"model": "auth.permission", "pk": 3, "fields": {"name": "Can delete log entry", "content_type": 1, "codename": "delete_logentry"}}, {"model": "auth.permission", "pk": 4, "fields": {"name": "Can view log entry", "content_type": 1, "codename": "view_logentry"}}, {"model": "auth.permission", "pk": 5, "fields": {"name": "Can add permission", "content_type": 2, "codename": "add_permission"}}, {"model": "auth.permission", "pk": 6, "fields": {"name": "Can change permission", "content_type": 2, "codename": "change_permission"}}, {"model": "auth.permission", "pk": 7, "fields": {"name": "Can delete permission", "content_type": 2, "codename": "delete_permission"}}, {"model": "auth.permission", "pk": 8, "fields": {"name": "Can view permission", "content_type": 2, "codename": "view_permission"}}, {"model": "auth.permission", "pk": 9, "fields": {"name": "Can add group", "content_type": 3, "codename": "add_group"}}, {"model": "auth.permission", "pk": 10, "fields": {"name": "Can change group", "content_type": 3, "codename": "change_group"}}, {"model": "auth.permission", "pk": 11, "fields": {"name": "Can delete group", "content_type": 3, "codename": "delete_group"}}, {"model": "auth.permission", "pk": 12, "fields": {"name": "Can view group", "content_type": 3, "codename": "view_group"}}, {"model": "auth.permission", "pk": 13, "fields": {"name": "Can add user", "content_type": 4, "codename": "add_user"}}, {"model": "auth.permission", "pk": 14, "fields": {"name": "Can change user", "content_type": 4, "codename": "change_user"}}, {"model": "auth.permission", "pk": 15, "fields": {"name": "Can delete user", "content_type": 4, "codename": "delete_user"}}, {"model": "auth.permission", "pk": 16, "fields": {"name": "Can view user", "content_type": 4, "codename": "view_user"}}, {"model": "auth.permission", "pk": 17, "fields": {"name": "Can add content type", "content_type": 5, "codename": "add_contenttype"}}, {"model": "auth.permission", "pk": 18, "fields": {"name": "Can change content type", "content_type": 5, "codename": "change_contenttype"}}, {"model": "auth.permission", "pk": 19, "fields": {"name": "Can delete content type", "content_type": 5, "codename": "delete_contenttype"}}, {"model": "auth.permission", "pk": 20, "fields": {"name": "Can view content type", "content_type": 5, "codename": "view_contenttype"}}, {"model": "auth.permission", "pk": 21, "fields": {"name": "Can add session", "content_type": 6, "codename": "add_session"}}, {"model": "auth.permission", "pk": 22, "fields": {"name": "Can change session", "content_type": 6, "codename": "change_session"}}, {"model": "auth.permission", "pk": 23, "fields": {"name": "Can delete session", "content_type": 6, "codename": "delete_session"}}, {"model": "auth.permission", "pk": 24, "fields": {"name": "Can view session", "content_type": 6, "codename": "view_session"}}, {"model": "auth.permission", "pk": 25, "fields": {"name": "Can add site", "content_type": 7, "codename": "add_site"}}, {"model": "auth.permission", "pk": 26, "fields": {"name": "Can change site", "content_type": 7, "codename": "change_site"}}, {"model": "auth.permission", "pk": 27, "fields": {"name": "Can delete site", "content_type": 7, "codename": "delete_site"}}, {"model": "auth.permission", "pk": 28, "fields": {"name": "Can view site", "content_type": 7, "codename": "view_site"}}, {"model": "auth.permission", "pk": 29, "fields": {"name": "Can add flat page", "content_type": 8, "codename": "add_flatpage"}}, {"model": "auth.permission", "pk": 30, "fields": {"name": "Can change flat page", "content_type": 8, "codename": "change_flatpage"}}, {"model": "auth.permission", "pk": 31, "fields": {"name": "Can delete flat page", "content_type": 8, "codename": "delete_flatpage"}}, {"model": "auth.permission", "pk": 32, "fields": {"name": "Can view flat page", "content_type": 8, "codename": "view_flatpage"}}, {"model": "auth.permission", "pk": 33, "fields": {"name": "Can add author", "content_type": 9, "codename": "add_author"}}, {"model": "auth.permission", "pk": 34, "fields": {"name": "Can change author", "content_type": 9, "codename": "change_author"}}, {"model": "auth.permission", "pk": 35, "fields": {"name": "Can delete author", "content_type": 9, "codename": "delete_author"}}, {"model": "auth.permission", "pk": 36, "fields": {"name": "Can view author", "content_type": 9, "codename": "view_author"}}, {"model": "auth.permission", "pk": 37, "fields": {"name": "Can add category", "content_type": 10, "codename": "add_category"}}, {"model": "auth.permission", "pk": 38, "fields": {"name": "Can change category", "content_type": 10, "codename": "change_category"}}, {"model": "auth.permission", "pk": 39, "fields": {"name": "Can delete category", "content_type": 10, "codename": "delete_category"}}, {"model": "auth.permission", "pk": 40, "fields": {"name": "Can view category", "content_type": 10, "codename": "view_category"}}, {"model": "auth.permission", "pk": 41, "fields": {"name": "Can add post", "content_type": 11, "codename": "add_post"}}, {"model": "auth.permission", "pk": 42, "fields": {"name": "Can change post", "content_type": 11, "codename": "change_post"}}, {"model": "auth.permission", "pk": 43, "fields": {"name": "Can delete post", "content_type": 11, "codename": "delete_post"}}, {"model": "auth.permission", "pk": 44, "fields": {"name": "Can view post", "content_type": 11, "codename": "view_post"}}, {"model": "auth.permission", "pk": 45, "fields": {"name": "Can add post category", "content_type": 12, "codename": "add_postcategory"}}, {"model": "auth.permission", "pk": 46, "fields": {"name": "Can change post category", "content_type": 12, "codename": "change_postcategory"}}, {"model": "auth.permission", "pk": 47, "fields": {"name": "Can delete post category", "content_type": 12, "codename": "delete_postcategory"}}, {"model": "auth.permission", "pk": 48, "fields": {"name": "Can view post category", "content_type": 12, "codename": "view_postcategory"}}, {"model": "auth.permission", "pk": 49, "fields": {"name": "Can add comment", "content_type": 13, "codename": "add_comment"}}, {"model": "auth.permission", "pk": 50, "fields": {"name": "Can change comment", "content_type": 13, "codename": "change_comment"}}, {"model": "auth.permission", "pk": 51, "fields": {"name": "Can delete comment", "content_type": 13, "codename": "delete_comment"}}, {"model": "auth.permission", "pk": 52, "fields": {"name": "Can view comment", "content_type": 13, "codename": "view_comment"}}, {"model": "auth.permission", "pk": 53, "fields": {"name": "Can add email address", "content_type": 14, "codename": "add_emailaddress"}}, {"model": "auth.permission", "pk": 54, "fields": {"name": "Can change email address", "content_type": 14, "codename": "change_emailaddress"}}, {"model": "auth.permission", "pk": 55, "fields": {"name": "Can delete email address", "content_type": 14, "codename": "delete_emailaddress"}}, {"model": "auth.permission", "pk": 56, "fields": {"name": "Can view email address", "content_type": 14, "codename": "view_emailaddress"}}, {"model": "auth.permission", "pk": 57, "fields": {"name": "Can add email confirmation", "content_type": 15, "codename": "add_emailconfirmation"}}, {"model": "auth.permission", "pk": 58, "fields": {"name": "Can change email confirmation", "content_type": 15, "codename": "change_emailconfirmation"}}, {"model": "auth.permission", "pk": 59, "fields": {"name": "Can delete email confirmation", "content_type": 15, "codename": "delete_emailconfirmation"}}, {"model": "auth.permission", "pk": 60, "fields": {"name": "Can view email confirmation", "content_type": 15, "codename": "view_emailconfirmation"}}, {"model": "auth.permission", "pk": 61, "fields": {"name": "Can add social account", "content_type": 16, "codename": "add_socialaccount"}}, {"model": "auth.permission", "pk": 62, "fields": {"name": "Can change social account", "content_type": 16, "codename": "change_socialaccount"}}, {"model": "auth.permission", "pk": 63, "fields": {"name": "Can delete social account", "content_type": 16, "codename": "delete_socialaccount"}}, {"model": "auth.permission", "pk": 64, "fields": {"name": "Can view social account", "content_type": 16, "codename": "view_socialaccount"}}, {"model": "auth.permission", "pk": 65, "fields": {"name": "Can add social application", "content_type": 17, "codename": "add_socialapp"}}, {"model": "auth.permission", "pk": 66, "fields": {"name": "Can change social application", "content_type": 17, "codename": "change_socialapp"}}, {"model": "auth.permission", "pk": 67, "fields": {"name": "Can delete social application", "content_type": 17, "codename": "delete_socialapp"}}, {"model": "auth.permission", "pk": 68, "fields": {"name": "Can view social application", "content_type": 17, "codename": "view_socialapp"}}, {"model": "auth.permission", "pk": 69, "fields": {"name": "Can add social application token", "content_type": 18, "codename": "add_socialtoken"}}, {"model": "auth.permission", "pk": 70, "fields": {"name": "Can change social application token", "content_type": 18, "codename": "change_socialtoken"}}, {"model": "auth.permission", "pk": 71, "fields": {"name": "Can delete social application token", "content_type": 18, "codename": "delete_socialtoken"}}, {"model": "auth.permission", "pk": 72, "fields": {"name": "Can view social application token", "content_type": 18, "codename": "view_socialtoken"}}, {"model": "auth.permission", "pk": 73, "fields": {"name": "Can add django job", "content_type": 19, "codename": "add_djangojob"}}, {"model": "auth.permission", "pk": 74, "fields": {"name": "Can change django job", "content_type": 19, "codename": "change_djangojob"}}, {"model": "auth.permission", "pk": 75, "fields": {"name": "Can delete django job", "content_type": 19, "codename": "delete_djangojob"}}, {"model": "auth.permission", "pk": 76, "fields": {"name": "Can view django job", "content_type": 19, "codename": "view_djangojob"}}, {"model": "auth.permission", "pk": 77, "fields": {"name": "Can add django job execution", "content_type": 20, "codename": "add_djangojobexecution"}}, {"model": "auth.permission", "pk": 78, "fields": {"name": "Can change django job execution", "content_type": 20, "codename": "change_djangojobexecution"}}, {"model": "auth.permission", "pk": 79, "fields": {"name": "Can delete django job execution", "content_type": 20, "codename": "delete_djangojobexecution"}}, {"model": "auth.permission", "pk": 80, "fields": {"name": "Can view django job execution", "content_type": 20, "codename": "view_djangojobexecution"}}, {"model": "auth.group", "pk": 1, "fields": {"name": "common", "permissions": [40, 52, 44, 48]}}, {"model": "auth.group", "pk": 2, "fields": {"name": "authors", "permissions": [41, 42, 43, 46]}}, {"model": "auth.user", "pk": 2, "fields": {"password": "pbkdf2_sha256$320000$9sQ94W2nSImqmjxJgTAMkB$6QHOIg0BaGMiYO8nr+XMwMckjiSmTi1C1GJ/WB+17bE=", "last_login": "2022-01-27T17:54:32.638Z", "is_superuser": false, "username": "dima", "first_name": "", "last_name": "", "email": "dima_user@mail.ru", "is_staff": false, "is_active": true, "date_joined": "2022-01-08T09:23:49.834Z", "groups": [2], "user_permissions": []}}, {"model": "auth.user", "pk": 3, "fields": {"password": "pbkdf2_sha256$320000$qQ5rtN7JSgBe311vv1xjvb$7BpHAe3U48J+xGcMgU7wprdKO6qShZo975XvwNi9ax0=", "last_login": null, "is_superuser": false, "username": "sasha", "first_name": "", "last_name": "", "email": "sasha_user@mail.ru", "is_staff": false, "is_active": true, "date_joined": "2022-01-08T09:24:04.488Z", "groups": [], "user_permissions": []}}, {"model": "auth.user", "pk": 4, "fields": {"password": "pbkdf2_sha256$320000$j57aF6NjOq8hYxeJ6FKAZ7$96PO12ajDtB2xogQODsTGTGsMczXpc0APIS4i4+32qQ=", "last_login": "2022-01-08T16:51:37.660Z", "is_superuser": true, "username": "dmitriy", "first_name": "", "last_name": "", "email": "", "is_staff": true, "is_active": true, "date_joined": "2022-01-08T09:30:09.795Z", "groups": [2], "user_permissions": []}}, {"model": "auth.user", "pk": 5, "fields": {"password": "pbkdf2_sha256$320000$n7nRPnZvboOun0k43qFgK8$P30a2UuWSw1HgGziGKJU8WFjTtqS6QX2VHq8CgMGBic=", "last_login": "2022-01-08T09:44:11.660Z", "is_superuser": false, "username": "texno_log_90", "first_name": "", "last_name": "", "email": "texno_log_90@mail.ru", "is_staff": false, "is_active": true, "date_joined": "2022-01-08T09:44:10.740Z", "groups": [1, 2], "user_permissions": []}}, {"model": "contenttypes.contenttype", "pk": 1, "fields": {"app_label": "admin", "model": "logentry"}}, {"model": "contenttypes.contenttype", "pk": 2, "fields": {"app_label": "auth", "model": "permission"}}, {"model": "contenttypes.contenttype", "pk": 3, "fields": {"app_label": "auth", "model": "group"}}, {"model": "contenttypes.contenttype", "pk": 4, "fields": {"app_label": "auth", "model": "user"}}, {"model": "contenttypes.contenttype", "pk": 5, "fields": {"app_label": "contenttypes", "model": "contenttype"}}, {"model": "contenttypes.contenttype", "pk": 6, "fields": {"app_label": "sessions", "model": "session"}}, {"model": "contenttypes.contenttype", "pk": 7, "fields": {"app_label": "sites", "model": "site"}}, {"model": "contenttypes.contenttype", "pk": 8, "fields": {"app_label": "flatpages", "model": "flatpage"}}, {"model": "contenttypes.contenttype", "pk": 9, "fields": {"app_label": "news", "model": "author"}}, {"model": "contenttypes.contenttype", "pk": 10, "fields": {"app_label": "news", "model": "category"}}, {"model": "contenttypes.contenttype", "pk": 11, "fields": {"app_label": "news", "model": "post"}}, {"model": "contenttypes.contenttype", "pk": 12, "fields": {"app_label": "news", "model": "postcategory"}}, {"model": "contenttypes.contenttype", "pk": 13, "fields": {"app_label": "news", "model": "comment"}}, {"model": "contenttypes.contenttype", "pk": 14, "fields": {"app_label": "account", "model": "emailaddress"}}, {"model": "contenttypes.contenttype", "pk": 15, "fields": {"app_label": "account", "model": "emailconfirmation"}}, {"model": "contenttypes.contenttype", "pk": 16, "fields": {"app_label": "socialaccount", "model": "socialaccount"}}, {"model": "contenttypes.contenttype", "pk": 17, "fields": {"app_label": "socialaccount", "model": "socialapp"}}, {"model": "contenttypes.contenttype", "pk": 18, "fields": {"app_label": "socialaccount", "model": "socialtoken"}}, {"model": "contenttypes.contenttype", "pk": 19, "fields": {"app_label": "django_apscheduler", "model": "djangojob"}}, {"model": "contenttypes.contenttype", "pk": 20, "fields": {"app_label": "django_apscheduler", "model": "djangojobexecution"}}, {"model": "sessions.session", "pk": "19bjoublqlomxnxaxdu0qob1fu2zpnpi", "fields": {"session_data": ".eJxVjcsOwiAQRf-FtWlgyrM7_REyhWlKbKgRmmiM_y41Xehu7mPOfTGPW539VujuU2QDA3b69UYMV8p7gMuy2x2GsG65dt_OEZfu3BTlmgLWtObL8fWHmrHMjeOUNBol6aCtAet67sBEriKAcUZwPrVLk7ZRiSDcaHqA3spRCpiU1naHFiqlzXh63NL9yQb-_gBOtEGM:1nD8ye:9TkwheXwUpVurEHnGC6POz9ACRBYOS4X7VJIDcYQ8Cg", "expire_date": "2022-02-10T17:54:32.664Z"}}, {"model": "sessions.session", "pk": "4vupofqkpz062hfc2k44iro8x1hnti8h", "fields": {"session_data": ".eJxVjcsOwiAQRf-FtWlgyrM7_REyhWlKbKgRmmiM_y41Xehu7mPOfTGPW539VujuU2QDA3b69UYMV8p7gMuy2x2GsG65dt_OEZfu3BTlmgLWtObL8fWHmrHMjeOUNBol6aCtAet67sBEriKAcUZwPrVLk7ZRiSDcaHqA3spRCpiU1naHFiqlzXh63NL9yQb-_gBOtEGM:1n6GMB:cKW5I_p53xpZZwTtovxg5PxDBAsGorlF8fHReVcw_bE", "expire_date": "2022-01-22T18:22:23.485Z"}}, {"model": "sessions.session", "pk": "w0nptinanusa21ohuep6a4dcunorf56b", "fields": {"session_data": ".eJxVjcsOwiAQRf-FtWlgyrM7_REyhWlKbKgRmmiM_y41Xehu7mPOfTGPW539VujuU2QDA3b69UYMV8p7gMuy2x2GsG65dt_OEZfu3BTlmgLWtObL8fWHmrHMjeOUNBol6aCtAet67sBEriKAcUZwPrVLk7ZRiSDcaHqA3spRCpiU1naHFiqlzXh63NL9yQb-_gBOtEGM:1n6VU5:Q5WPJXNMFiiZG1r9KZV3ZW4fuXbTdZ8mOy7T_tgYRhI", "expire_date": "2022-01-23T10:31:33.698Z"}}, {"model": "sites.site", "pk": 1, "fields": {"domain": "example.com", "name": "example.com"}}, {"model": "news.author", "pk": 2, "fields": {"user": 2, "rating": 0}}, {"model": "news.author", "pk": 3, "fields": {"user": 3, "rating": -4}}, {"model": "news.author", "pk": 4, "fields": {"user": 5, "rating": 0}}, {"model": "news.author", "pk": 5, "fields": {"user": 4, "rating": 0}}, {"model": "news.category", "pk": 1, "fields": {"name": "Кино", "subscriptions": [5]}}, {"model": "news.category", "pk": 2, "fields": {"name": "Спорт", "subscriptions": [5]}}, {"model": "news.category", "pk": 3, "fields": {"name": "Политика", "subscriptions": [5]}}, {"model": "news.category", "pk": 4, "fields": {"name": "Музыка", "subscriptions": [5]}}, {"model": "news.post", "pk": 1, "fields": {"author": 2, "view": "ar", "create_time": "2022-01-08T09:24:37.829Z", "heading": "Статья №1 в категории  фильм от автора Дима", "text_post": "Статья №1 в категории  фильм от автора Дима", "rating_post": 0}}, {"model": "news.post", "pk": 2, "fields": {"author": 3, "view": "ar", "create_time": "2022-01-08T09:24:37.947Z", "heading": "Сатья №2 в категории спорт от автора Саша", "text_post": "Сатья №2 в категории спорт от автора Саша", "rating_post": -1}}, {"model": "news.post", "pk": 3, "fields": {"author": 2, "view": "nw", "create_time": "2022-01-08T09:24:38.506Z", "heading": "Новость №1 в категории музыка от автора Дима", "text_post": "Новость №1 в категории музыка от автора Дима", "rating_post": 1}}, {"model": "news.post", "pk": 4, "fields": {"author": 4, "view": "ar", "create_time": "2022-01-08T09:44:54.655Z", "heading": "111", "text_post": "sport", "rating_post": 0}}, {"model": "news.post", "pk": 5, "fields": {"author": 2, "view": "nw", "create_time": "2022-01-08T16:52:10.826Z", "heading": "Cinema", "text_post": "Test", "rating_post": 0}}, {"model": "news.post", "pk": 6, "fields": {"author": 2, "view": "nw", "create_time": "2022-01-08T16:58:35.138Z", "heading": "Лыжная гонка", "text_post": "гонка гонка гонка гонка гонка гонка гонка гонка гонка гонка", "rating_post": 0}}, {"model": "news.post", "pk": 7, "fields": {"author": 2, "view": "ar", "create_time": "2022-01-08T17:04:04.858Z", "heading": "Ramstain", "text_post": "ext post: ext post:ext post:ext post:ext post:ext post:ext post:ext post:666", "rating_post": 0}}, {"model": "news.post", "pk": 8, "fields": {"author": 2, "view": "ar", "create_time": "2022-01-08T17:10:47.936Z", "heading": "Виртуоз", "text_post": "Виртуоз Виртуоз Виртуоз Виртуоз Виртуоз Виртуоз", "rating_post": 0}}, {"model": "news.post", "pk": 9, "fields": {"author": 2, "view": "ar", "create_time": "2022-01-08T17:25:54.232Z", "heading": "Test Cinema", "text_post": "Test CinemaTest CinemaTest CinemaTest CinemaTest CinemaTest CinemaTest Cinema", "rating_post": 0}}, {"model": "news.post", "pk": 10, "fields": {"author": 3, "view": "ar", "create_time": "2022-01-08T17:31:10.210Z", "heading": "4e4234", "text_post": "2342342wer", "rating_post": 0}}, {"model": "news.post", "pk": 11, "fields": {"author": 2, "view": "ar", "create_time": "2022-01-08T17:43:11.782Z", "heading": "356etyhr", "text_post": "wsrfgsdfgbdscvxcvzxcvxcvxsv", "rating_post": 0}}, {"model": "news.post", "pk": 12, "fields": {"author": 2, "view": "ar", "create_time": "2022-01-08T18:14:01.909Z", "heading": "345345ertgyhrt", "text_post": "ertydfghdfghdghfghdfg", "rating_post": 0}}, {"model": "news.post", "pk": 13, "fields": {"author": 2, "view": "ar", "create_time": "2022-01-08T18:22:39.226Z", "heading": "567rtyutyu", "text_post": "ryuurtyurtyuj", "rating_post": 0}}, {"model": "news.post", "pk": 14, "fields": {"author": 2, "view": "nw", "create_time": "2022-01-08T18:24:06.066Z", "heading": "3245345erg", "text_post": "awegtagadfgadfg", "rating_post": 0}}, {"model": "news.post", "pk": 15, "fields": {"author": 2, "view": "ar", "create_time": "2022-01-08T18:38:05.538Z", "heading": "34523452345", "text_post": "23452345345gdg", "rating_post": 0}}, {"model": "news.post", "pk": 16, "fields": {"author": 2, "view": "ar", "create_time": "2022-01-08T18:38:41.520Z", "heading": "4354aa", "text_post": "asdfasdfasdf", "rating_post": 0}}, {"model": "news.post", "pk": 17, "fields": {"author": 2, "view": "ar", "create_time": "2022-01-08T18:50:18.189Z", "heading": "asasdsa", "text_post": "asasas", "rating_post": 0}}, {"model": "news.post", "pk": 18, "fields": {"author": 2, "view": "ar", "create_time": "2022-01-09T09:51:20.041Z", "heading": "fjkgjgffjgh", "text_post": "cgcgcgcgcgcgsdfwefwefwef", "rating_post": 0}}, {"model": "news.post", "pk": 19, "fields": {"author": 2, "view": "ar", "create_time": "2022-01-09T10:05:36.992Z", "heading": "ghddfgdfg", "text_post": "sdfgsdfgdsfgdfg", "rating_post": 0}}, {"model": "news.post", "pk": 20, "fields": {"author": 2, "view": "ar", "create_time": "2022-01-09T10:07:19.823Z", "heading": "dghjsfghsfgh", "text_post": "arfgagadfgafg", "rating_post": 0}}, {"model": "news.post", "pk": 21, "fields": {"author": 2, "view": "ar", "create_time": "2022-01-09T10:14:24.460Z", "heading": "789789789", "text_post": "789789yjkjhkjhyk", "rating_post": 0}}, {"model": "news.post", "pk": 24, "fields": {"author": 2, "view": "ar", "create_time": "2022-01-09T10:31:47.655Z", "heading": "fghjfghjfghj", "text_post": "fgjfghjghjgfhjghj", "rating_post": 0}}, {"model": "news.post", "pk": 25, "fields": {"author": 2, "view": "ar", "create_time": "2022-01-09T10:44:31.299Z", "heading": "веорвпрвпрвапр", "text_post": "вапрвапрвапрвапр", "rating_post": 0}}, {"model": "news.post", "pk": 26, "fields": {"author": 2, "view": "ar", "create_time": "2022-01-09T10:44:58.911Z", "heading": "вапывапвыапвап", "text_post": "ывапвыапвапва", "rating_post": 0}}, {"model": "news.post", "pk": 27, "fields": {"author": 2, "view": "ar", "create_time": "2022-01-09T10:46:43.542Z", "heading": "рплпрлпрол", "text_post": "пролпролрол", "rating_post": 0}}, {"model": "news.post", "pk": 30, "fields": {"author": 2, "view": "ar", "create_time": "2022-01-09T10:57:47.549Z", "heading": "fhsfhdsfgh", "text_post": "sdfhsdfhdfh", "rating_post": 0}}, {"model": "news.post", "pk": 31, "fields": {"author": 2, "view": "ar", "create_time": "2022-01-09T11:16:53.170Z", "heading": "gjkgkjgjkjk", "text_post": "jjkkgjgjkgjk", "rating_post": 0}}, {"model": "news.post", "pk": 32, "fields": {"author": 2, "view": "ar", "create_time": "2022-01-09T11:24:09.762Z", "heading": "hhhhhhhhh", "text_post": "hhhhhhhhhhhhhhhhh", "rating_post": 0}}, {"model": "news.post", "pk": 33, "fields": {"author": 2, "view": "ar", "create_time": "2022-01-09T11:25:55.867Z", "heading": "''''''''''''''''''", "text_post": "'''''''''''''''''''''''", "rating_post": 0}}, {"model": "news.post", "pk": 34, "fields": {"author": 2, "view": "ar", "create_time": "2022-01-09T11:34:58.493Z", "heading": "dfgdfgdfgdf", "text_post": "dfgdfgdfgdfg", "rating_post": 0}}, {"model": "news.post", "pk": 35, "fields": {"author": 2, "view": "ar", "create_time": "2022-01-09T11:36:03.024Z", "heading": "fghjfghjfgjg", "text_post": "fghjfghjfghjghj", "rating_post": 0}}, {"model": "news.post", "pk": 36, "fields": {"author": 2, "view": "ar", "create_time": "2022-01-09T11:38:03.811Z", "heading": "fghjfghjfgjg", "text_post": "fghjfghjfghjghj", "rating_post": 0}}, {"model": "news.post", "pk": 37, "fields": {"author": 2, "view": "ar", "create_time": "2022-01-09T11:45:06.851Z", "heading": "UIOPO", "text_post": "UOPPUO", "rating_post": 0}}, {"model": "news.post", "pk": 38, "fields": {"author": 2, "view": "ar", "create_time": "2022-01-27T17:55:15.405Z", "heading": "imjkj", "text_post": "bhjkbbjk", "rating_post": 0}}, {"model": "news.postcategory", "pk": 1, "fields": {"post": 1, "category": 1}}, {"model": "news.postcategory", "pk": 2, "fields": {"post": 1, "category": 3}}, {"model": "news.postcategory", "pk": 3, "fields": {"post": 2, "category": 2}}, {"model": "news.postcategory", "pk": 4, "fields": {"post": 3, "category": 4}}, {"model": "news.postcategory", "pk": 5, "fields": {"post": 4, "category": 2}}, {"model": "news.postcategory", "pk": 6, "fields": {"post": 5, "category": 1}}, {"model": "news.postcategory", "pk": 7, "fields": {"post": 6, "category": 2}}, {"model": "news.postcategory", "pk": 8, "fields": {"post": 7, "category": 4}}, {"model": "news.postcategory", "pk": 9, "fields": {"post": 8, "category": 1}}, {"model": "news.postcategory", "pk": 10, "fields": {"post": 9, "category": 1}}, {"model": "news.postcategory", "pk": 11, "fields": {"post": 10, "category": 3}}, {"model": "news.postcategory", "pk": 12, "fields": {"post": 11, "category": 2}}, {"model": "news.postcategory", "pk": 13, "fields": {"post": 12, "category": 2}}, {"model": "news.postcategory", "pk": 14, "fields": {"post": 13, "category": 2}}, {"model": "news.postcategory", "pk": 15, "fields": {"post": 14, "category": 4}}, {"model": "news.postcategory", "pk": 16, "fields": {"post": 15, "category": 3}}, {"model": "news.postcategory", "pk": 17, "fields": {"post": 16, "category": 3}}, {"model": "news.postcategory", "pk": 18, "fields": {"post": 17, "category": 2}}, {"model": "news.postcategory", "pk": 19, "fields": {"post": 18, "category": 2}}, {"model": "news.postcategory", "pk": 20, "fields": {"post": 19, "category": 2}}, {"model": "news.postcategory", "pk": 21, "fields": {"post": 20, "category": 2}}, {"model": "news.postcategory", "pk": 22, "fields": {"post": 21, "category": 2}}, {"model": "news.postcategory", "pk": 25, "fields": {"post": 24, "category": 2}}, {"model": "news.postcategory", "pk": 26, "fields": {"post": 25, "category": 2}}, {"model": "news.postcategory", "pk": 27, "fields": {"post": 26, "category": 3}}, {"model": "news.postcategory", "pk": 28, "fields": {"post": 27, "category": 3}}, {"model": "news.postcategory", "pk": 31, "fields": {"post": 30, "category": 2}}, {"model": "news.postcategory", "pk": 32, "fields": {"post": 31, "category": 3}}, {"model": "news.postcategory", "pk": 33, "fields": {"post": 32, "category": 1}}, {"model": "news.postcategory", "pk": 34, "fields": {"post": 33, "category": 2}}, {"model": "news.postcategory", "pk": 35, "fields": {"post": 34, "category": 2}}, {"model": "news.postcategory", "pk": 36, "fields": {"post": 35, "category": 3}}, {"model": "news.postcategory", "pk": 37, "fields": {"post": 36, "category": 3}}, {"model": "news.postcategory", "pk": 38, "fields": {"post": 37, "category": 1}}, {"model": "news.postcategory", "pk": 39, "fields": {"post": 38, "category": 3}}, {"model": "news.comment", "pk": 1, "fields": {"post": 1, "user": 3, "comment_text": "Коментарий №1 от автора Саши к статье №1 в категории  фильм от автора Дима", "create_time": "2022-01-08T09:25:07.999Z", "rating_comment": -1}}, {"model": "news.comment", "pk": 2, "fields": {"post": 2, "user": 2, "comment_text": "Комментарий №2 от автора Дима к статье №2 в категории спорт от автора Саша", "create_time": "2022-01-08T09:25:08.013Z", "rating_comment": 1}}, {"model": "news.comment", "pk": 3, "fields": {"post": 3, "user": 3, "comment_text": "Комментарий №3 от автора Саша к новости №1 в категории музыка от автора Дима", "create_time": "2022-01-08T09:25:08.022Z", "rating_comment": -1}}, {"model": "news.comment", "pk": 4, "fields": {"post": 3, "user": 2, "comment_text": "Комментарий №4 от автора Дима к новости №1 в категории музыка от автора Дима", "create_time": "2022-01-08T09:25:08.675Z", "rating_comment": -1}}, {"model": "account.emailaddress", "pk": 2, "fields": {"user": 5, "email": "texno_log_90@mail.ru", "verified": false, "primary": true}}]